"V1","V2","V3","V4","V5","V6","V7","V8","V9","V10"
-2.97,1.02,-2.34,3.46,1.63,0.157,-2.66,0.559,-5.27,1.96
4.3,-0.817,1.41,-2.16,0.673,0.87,-1.22,1.62,3.43,-0.771
-2.62,0.378,-1.01,1.43,-0.278,-0.384,0.613,-0.88,-2.14,0.465
2.38,-0.356,0.731,-1.25,0.391,0.362,-0.817,1,1.85,-0.26
1.87,-0.568,0.44,-0.856,0.401,0.576,-0.568,0.793,1.55,-0.412
-2.17,0.255,-1.01,1.2,-0.128,-0.291,0.332,-0.552,-1.77,0.499
4.46,-0.759,1.53,-2.33,0.621,0.786,-1.22,1.65,3.59,-0.758
4.34,-0.858,1.5,-2.22,0.601,0.895,-1.06,1.52,3.55,-0.893
-2.6,-0.15,-1.12,1.63,-0.187,0.162,0.919,-1.02,-1.92,-0.0423
-1.98,0.822,-0.15,0.679,-0.711,-0.889,0.919,-1.09,-1.51,0.403
2.26,-0.246,0.794,-1.24,0.295,0.248,-0.713,0.889,1.77,-0.235
-2.31,0.303,-0.857,1.22,-0.294,-0.339,0.638,-0.82,-1.8,0.358
4.46,-0.861,1.52,-2.24,0.663,0.926,-1.18,1.61,3.58,-0.875
4.7,-0.864,1.63,-2.44,0.644,0.892,-1.21,1.69,3.82,-0.884
-2.2,-0.00896,-0.934,1.31,-0.182,-0.00151,0.702,-0.81,-1.65,0.0973
-2.54,0.0578,-0.963,1.49,-0.28,-0.0533,0.902,-1.04,-1.91,0.074
4.43,-0.786,1.51,-2.23,0.666,0.86,-1.24,1.63,3.5,-0.795
2.18,-0.235,0.745,-1.21,0.295,0.228,-0.717,0.888,1.71,-0.199
4.41,-0.855,1.42,-2.18,0.724,0.931,-1.29,1.68,3.48,-0.797
2.24,-0.504,0.803,-1.07,0.325,0.565,-0.489,0.719,1.81,-0.572
4.7,-0.984,1.54,-2.25,0.783,1.1,-1.3,1.71,3.7,-0.974
4.33,-0.761,1.4,-2.19,0.693,0.818,-1.31,1.68,3.41,-0.692
2.15,-0.149,0.679,-1.18,0.355,0.164,-0.89,0.984,1.58,-0.0524
1.99,-0.546,0.506,-0.827,0.465,0.628,-0.668,0.82,1.51,-0.433
2.24,-0.154,0.996,-1.23,0.185,0.209,-0.53,0.679,1.72,-0.35
-2.24,0.533,-0.716,1.09,-0.357,-0.557,0.556,-0.807,-1.84,0.509
2.52,-0.66,0.716,-1.16,0.483,0.707,-0.715,0.975,2.03,-0.565
4.29,-0.884,1.38,-2.07,0.725,0.979,-1.22,1.6,3.37,-0.84
-1.77,0.353,-0.558,0.93,-0.265,-0.342,0.492,-0.689,-1.47,0.304
-1.94,0.48,-0.571,0.836,-0.404,-0.566,0.597,-0.741,-1.48,0.437
-2.43,0.346,-0.882,1.29,-0.313,-0.371,0.666,-0.876,-1.92,0.384
4.53,-0.81,1.51,-2.32,0.68,0.851,-1.29,1.71,3.62,-0.77
4.7,-1.1,1.3,-2.23,0.912,1.16,-1.49,1.94,3.73,-0.854
4.8,-0.873,1.63,-2.46,0.696,0.916,-1.3,1.77,3.86,-0.864
4.5,-1.06,1.3,-2.19,0.812,1.1,-1.32,1.79,3.65,-0.875
4.49,-0.965,1.47,-2.13,0.756,1.08,-1.23,1.63,3.54,-0.955
-2.07,0.147,-0.893,1.12,-0.196,-0.204,0.529,-0.654,-1.57,0.305
4.59,-0.91,1.37,-2.21,0.854,1.01,-1.5,1.86,3.55,-0.752
4.64,-0.691,1.62,-2.36,0.687,0.786,-1.38,1.72,3.58,-0.723
-2.44,0.593,-0.895,1.19,-0.317,-0.636,0.438,-0.738,-2.05,0.687
-2.94,1.19,-0.436,1,-0.932,-1.33,1.11,-1.38,-2.26,0.788
4.66,-0.998,1.49,-2.22,0.796,1.11,-1.31,1.73,3.67,-0.951
2.18,-0.724,0.498,-0.881,0.533,0.797,-0.68,0.9,1.73,-0.561
-2.1,0.456,-0.73,0.979,-0.337,-0.53,0.522,-0.706,-1.65,0.502
4.47,-1.06,1.32,-2.08,0.841,1.16,-1.32,1.73,3.53,-0.928
2.25,-0.431,0.712,-1.06,0.406,0.502,-0.705,0.865,1.71,-0.401
-2.38,0.377,-1.23,1.26,-0.0772,-0.454,0.12,-0.403,-2,0.794
2.3,-0.576,0.55,-1.08,0.504,0.599,-0.818,1.03,1.82,-0.374
2.3,-0.767,0.524,-0.962,0.545,0.822,-0.7,0.955,1.86,-0.585
4.55,-1.06,1.42,-2.13,0.808,1.17,-1.26,1.69,3.61,-0.988
2.01,-0.361,0.608,-1.01,0.352,0.383,-0.666,0.831,1.57,-0.285
-1.77,1.01,-0.229,0.461,-0.603,-1.13,0.463,-0.707,-1.46,0.796
4.46,-0.939,1.37,-2.24,0.741,0.967,-1.29,1.75,3.61,-0.808
2.42,-0.527,0.805,-1.15,0.391,0.586,-0.626,0.854,1.92,-0.536
-2.54,0.551,-0.847,1.23,-0.402,-0.602,0.652,-0.902,-2.04,0.557
-2.39,0.485,-0.589,1.08,-0.556,-0.558,0.972,-1.1,-1.75,0.293
4.52,-0.981,1.24,-2.22,0.863,1.01,-1.5,1.93,3.6,-0.706
2.22,-0.2,0.834,-1.25,0.249,0.202,-0.657,0.829,1.74,-0.236
4.7,-1.01,1.46,-2.3,0.796,1.08,-1.34,1.8,3.77,-0.91
2.16,-0.595,0.628,-1.03,0.379,0.609,-0.539,0.806,1.81,-0.523
-2.27,0.574,-0.72,1.01,-0.421,-0.661,0.596,-0.8,-1.78,0.572
2.18,-0.65,0.654,-1.02,0.373,0.67,-0.476,0.766,1.85,-0.606
-2.04,0.273,-0.631,1.08,-0.334,-0.278,0.729,-0.877,-1.58,0.188
2.25,-0.394,0.829,-1.15,0.288,0.43,-0.536,0.753,1.81,-0.459
2.2,-0.342,0.686,-1.07,0.402,0.403,-0.778,0.904,1.64,-0.285
-2.06,0.351,-0.854,1.09,-0.183,-0.372,0.348,-0.583,-1.71,0.498
-2.47,0.859,-0.828,1.07,-0.395,-0.931,0.334,-0.694,-2.13,0.933
-2.62,0.394,-0.98,1.41,-0.305,-0.408,0.645,-0.901,-2.12,0.462
2.18,-0.383,0.753,-1.15,0.291,0.386,-0.57,0.796,1.78,-0.384
2.29,-0.419,0.713,-1.21,0.347,0.403,-0.681,0.92,1.87,-0.34
-2.46,0.298,-0.973,1.31,-0.273,-0.341,0.618,-0.816,-1.93,0.413
4.58,-0.785,1.52,-2.31,0.719,0.857,-1.37,1.75,3.59,-0.745
-1.67,0.525,-0.5,0.648,-0.356,-0.624,0.409,-0.559,-1.29,0.527
-1.81,0.809,-0.0547,0.654,-0.67,-0.824,0.867,-1.07,-1.45,0.339
4.42,-0.965,1.45,-2.19,0.685,1.02,-1.13,1.6,3.6,-0.937
2.34,-0.549,0.688,-1.04,0.473,0.637,-0.731,0.908,1.79,-0.487
4.68,-0.955,1.61,-2.34,0.677,1.02,-1.15,1.63,3.79,-0.997
2.4,-0.441,0.63,-1.19,0.482,0.458,-0.916,1.1,1.85,-0.257
4.57,-1.05,1.42,-2.13,0.822,1.17,-1.29,1.7,3.6,-0.987
-2.38,0.426,-0.918,1.18,-0.297,-0.491,0.519,-0.738,-1.89,0.547
-2.14,-0.262,-0.816,1.49,-0.164,0.359,0.975,-1.05,-1.6,-0.332
-2.18,-0.00567,-0.696,1.34,-0.301,0.0554,0.983,-1.08,-1.62,-0.146
4.72,-0.775,1.56,-2.38,0.748,0.859,-1.45,1.81,3.66,-0.734
-2.75,0.154,-1.1,1.66,-0.217,-0.107,0.759,-1,-2.22,0.232
4.57,-0.94,1.47,-2.32,0.71,0.966,-1.25,1.73,3.72,-0.862
4.41,-0.942,1.45,-2.13,0.715,1.03,-1.18,1.59,3.51,-0.931
-2.06,-0.122,-0.819,1.29,-0.194,0.137,0.827,-0.888,-1.5,-0.105
2.18,-0.483,0.833,-1.12,0.241,0.5,-0.368,0.647,1.85,-0.584
-2.51,0.606,-0.887,1.17,-0.378,-0.682,0.53,-0.793,-2.03,0.682
4.59,-1.01,1.48,-2.18,0.782,1.12,-1.26,1.68,3.64,-0.98
-2.47,0.184,-0.975,1.42,-0.243,-0.182,0.703,-0.897,-1.95,0.259
-1.81,0.598,-0.00826,0.722,-0.702,-0.602,1.13,-1.24,-1.33,0.0431
4.49,-0.731,1.5,-2.31,0.681,0.78,-1.35,1.73,3.53,-0.686
2.23,-0.588,0.906,-0.989,0.28,0.698,-0.278,0.529,1.82,-0.796
-2.32,0.55,-0.493,1.01,-0.597,-0.619,0.989,-1.13,-1.71,0.296
-2.54,0.612,-0.975,1.25,-0.293,-0.655,0.388,-0.713,-2.14,0.754
-2.08,0.634,-0.925,1,-0.145,-0.675,0.00674,-0.363,-1.88,0.898
2.28,-0.511,0.774,-1.1,0.355,0.562,-0.555,0.786,1.84,-0.533
4.5,-0.853,1.46,-2.29,0.698,0.89,-1.28,1.71,3.61,-0.784
2.29,-0.315,0.664,-1.13,0.452,0.373,-0.917,1.02,1.67,-0.198
4.41,-0.954,1.25,-2.16,0.823,0.995,-1.42,1.83,3.51,-0.731
4.58,-0.771,1.54,-2.34,0.695,0.835,-1.34,1.73,3.61,-0.749
2.48,-0.61,0.548,-1.09,0.61,0.673,-0.991,1.16,1.87,-0.361
-2.03,-0.259,-0.967,1.41,-0.0421,0.312,0.678,-0.768,-1.54,-0.124
-1.96,0.647,-0.648,0.842,-0.325,-0.71,0.312,-0.574,-1.65,0.695
-2.51,0.149,-1.21,1.54,-0.0611,-0.121,0.402,-0.676,-2.1,0.421
-2.01,0.629,-0.446,0.914,-0.453,-0.636,0.639,-0.881,-1.67,0.434
4.48,-0.946,1.52,-2.21,0.675,1.02,-1.12,1.57,3.62,-0.978
4.61,-0.81,1.71,-2.33,0.606,0.905,-1.11,1.53,3.67,-0.958
4.62,-0.943,1.62,-2.23,0.699,1.07,-1.15,1.57,3.66,-1.03
-2.32,-0.156,-0.824,1.42,-0.302,0.165,1.11,-1.13,-1.61,-0.234
-1.92,0.255,-0.879,1.1,-0.0891,-0.251,0.249,-0.488,-1.63,0.452
-2.54,0.617,-0.752,1.23,-0.442,-0.637,0.698,-0.977,-2.08,0.533
-3.03,0.15,-1.28,1.72,-0.271,-0.19,0.839,-1.03,-2.31,0.328
2.25,-0.323,0.971,-1.24,0.169,0.339,-0.381,0.631,1.87,-0.506
-1.93,0.393,-0.642,0.966,-0.293,-0.416,0.508,-0.702,-1.56,0.386
2.3,-0.657,0.361,-0.971,0.665,0.704,-1.04,1.21,1.74,-0.294
-2.39,0.311,-1.24,1.26,-0.0881,-0.401,0.191,-0.436,-1.95,0.727
-2.06,0.598,-0.969,0.922,-0.159,-0.703,0.00946,-0.303,-1.77,0.93
-1.95,0.518,-0.321,0.917,-0.511,-0.506,0.859,-1.04,-1.54,0.197
-2.35,0.794,-0.77,1.01,-0.392,-0.865,0.367,-0.691,-2,0.845
-2.55,0.271,-0.859,1.35,-0.388,-0.304,0.892,-1.04,-1.92,0.232
2.33,-0.224,0.955,-1.25,0.249,0.279,-0.608,0.766,1.79,-0.36
4.56,-0.941,1.61,-2.33,0.6,0.977,-1.02,1.53,3.77,-1.02
2.42,-0.635,0.791,-1.14,0.39,0.683,-0.537,0.818,2,-0.644
-2.03,0.291,-0.296,1.07,-0.535,-0.241,1.15,-1.26,-1.51,-0.135
2,-0.199,0.671,-1.04,0.325,0.243,-0.737,0.831,1.47,-0.169
-2.57,0.305,-0.839,1.43,-0.366,-0.285,0.868,-1.08,-2.03,0.224
-2.8,0.747,-0.635,1.32,-0.621,-0.752,0.988,-1.28,-2.27,0.466
-2.19,0.348,-1.01,1.16,-0.138,-0.395,0.261,-0.509,-1.82,0.61
-2.29,0.568,-0.449,0.981,-0.618,-0.637,1.01,-1.14,-1.69,0.286
-2.4,0.499,-1,1.26,-0.201,-0.519,0.307,-0.626,-2.06,0.69
-2.11,0.455,-0.59,1.07,-0.374,-0.446,0.667,-0.888,-1.72,0.331
4.24,-1,1.31,-2.06,0.713,1.05,-1.13,1.58,3.46,-0.917
-2.48,0.213,-1.16,1.49,-0.0874,-0.192,0.387,-0.669,-2.09,0.465
-2.29,0.1,-1.1,1.44,-0.0459,-0.0614,0.391,-0.64,-1.92,0.337
4.72,-1.09,1.47,-2.22,0.837,1.2,-1.31,1.76,3.74,-1.02
-2,0.374,-0.889,1.01,-0.164,-0.434,0.249,-0.472,-1.64,0.595
2.84,-0.33,1.08,-1.59,0.298,0.32,-0.744,1.01,2.29,-0.394
4.65,-0.928,1.49,-2.35,0.73,0.963,-1.31,1.77,3.76,-0.848
-2.24,0.504,-0.717,1.13,-0.339,-0.508,0.562,-0.822,-1.86,0.47
-2.1,0.816,-0.0789,0.786,-0.779,-0.843,1.11,-1.29,-1.61,0.268
4.4,-0.745,1.65,-2.3,0.525,0.793,-1.01,1.46,3.57,-0.888
-2.52,0.432,-0.98,1.25,-0.319,-0.512,0.567,-0.783,-1.98,0.568
-2.29,0.574,-0.932,1.06,-0.268,-0.664,0.295,-0.563,-1.89,0.775
-2.51,0.855,-0.783,1.03,-0.475,-0.96,0.473,-0.78,-2.07,0.881
4.65,-0.889,1.75,-2.42,0.538,0.928,-0.957,1.48,3.85,-1.06
-2.48,0.409,-0.73,1.21,-0.471,-0.461,0.905,-1.06,-1.87,0.3
-1.99,0.2,-0.763,1.15,-0.189,-0.175,0.525,-0.718,-1.62,0.241
4.48,-0.895,1.5,-2.22,0.692,0.973,-1.2,1.62,3.58,-0.898
4.45,-0.828,1.55,-2.26,0.62,0.883,-1.13,1.57,3.58,-0.876
4.44,-0.777,1.43,-2.3,0.679,0.793,-1.32,1.74,3.55,-0.684
-2.42,0.359,-1.1,1.27,-0.179,-0.42,0.357,-0.603,-1.97,0.625
4.55,-0.911,1.4,-2.31,0.745,0.93,-1.35,1.8,3.67,-0.771
-2.53,0.491,-0.993,1.23,-0.317,-0.574,0.509,-0.748,-2.02,0.645
4.58,-1.04,1.43,-2.14,0.823,1.16,-1.31,1.72,3.6,-0.967
-2.43,0.726,-0.858,1.08,-0.366,-0.804,0.383,-0.693,-2.03,0.824
4.59,-0.788,1.64,-2.3,0.658,0.89,-1.22,1.61,3.6,-0.875
4.3,-0.822,1.27,-2.18,0.741,0.837,-1.38,1.78,3.43,-0.631
4.53,-1.04,1.42,-2.21,0.749,1.1,-1.2,1.69,3.69,-0.964
-2.09,0.401,-0.435,0.98,-0.526,-0.437,0.976,-1.08,-1.53,0.137
4.72,-0.969,1.45,-2.29,0.83,1.05,-1.43,1.85,3.71,-0.848
4.6,-0.84,1.46,-2.3,0.762,0.904,-1.42,1.81,3.62,-0.743
-1.97,0.709,-0.305,0.769,-0.577,-0.76,0.767,-0.958,-1.55,0.423
2.11,-0.00384,0.933,-1.26,0.144,0.0137,-0.601,0.722,1.6,-0.146
4.34,-1.04,1.26,-2.04,0.82,1.13,-1.29,1.71,3.46,-0.885
2.15,-0.416,0.479,-1.1,0.466,0.394,-0.903,1.08,1.69,-0.155
-2.51,0.548,-0.586,1.19,-0.564,-0.573,0.991,-1.19,-1.93,0.301
-3.26,0.613,-0.949,1.62,-0.597,-0.65,1.11,-1.37,-2.55,0.46
4.54,-0.932,1.57,-2.18,0.703,1.06,-1.15,1.57,3.59,-1
-2.74,0.0592,-1.21,1.6,-0.197,-0.0871,0.738,-0.904,-2.09,0.261
4.53,-0.784,1.46,-2.29,0.731,0.847,-1.39,1.77,3.55,-0.707
4.49,-0.906,1.48,-2.24,0.697,0.963,-1.22,1.66,3.61,-0.874
2.2,-0.676,0.684,-0.894,0.437,0.788,-0.504,0.722,1.74,-0.691
-1.73,0.468,-0.56,0.724,-0.331,-0.559,0.426,-0.575,-1.34,0.493
-2.26,-0.115,-0.885,1.44,-0.205,0.153,0.893,-0.984,-1.68,-0.115
-2.23,0.37,-0.993,1.21,-0.143,-0.387,0.284,-0.561,-1.89,0.59
4.57,-0.844,1.49,-2.35,0.691,0.868,-1.3,1.74,3.68,-0.775
2.38,-0.355,0.534,-1.28,0.498,0.311,-1.07,1.25,1.85,-0.0464
2.1,-0.184,0.898,-1.2,0.156,0.19,-0.466,0.657,1.69,-0.326
4.45,-1.07,1.22,-2.13,0.861,1.12,-1.4,1.84,3.58,-0.824
2.13,-0.571,0.597,-0.97,0.418,0.615,-0.608,0.827,1.71,-0.486
4.63,-0.966,1.5,-2.27,0.747,1.04,-1.27,1.71,3.7,-0.926
4.74,-0.932,1.44,-2.41,0.791,0.949,-1.45,1.91,3.81,-0.759
-2.35,0.255,-0.786,1.29,-0.334,-0.254,0.797,-0.969,-1.82,0.204
-2.41,0.194,-1.07,1.38,-0.163,-0.211,0.51,-0.722,-1.93,0.392
1.9,-0.65,0.418,-0.816,0.447,0.677,-0.575,0.805,1.57,-0.478
4.55,-0.836,1.55,-2.23,0.721,0.949,-1.29,1.66,3.55,-0.857
-2.57,0.424,-0.769,1.38,-0.413,-0.4,0.857,-1.1,-2.07,0.293
2.28,-0.698,0.635,-0.952,0.481,0.784,-0.605,0.837,1.81,-0.632
-2.67,0.423,-1.14,1.42,-0.226,-0.467,0.445,-0.732,-2.2,0.648
2.3,-0.522,0.639,-1.03,0.486,0.599,-0.785,0.95,1.75,-0.418
2.05,-0.483,0.8,-1.01,0.23,0.521,-0.309,0.568,1.73,-0.608
-2.32,-0.0109,-1.07,1.43,-0.114,0.0153,0.599,-0.755,-1.8,0.179
-2.06,0.802,-0.488,0.851,-0.459,-0.837,0.478,-0.774,-1.76,0.671
-2.74,0.692,-1.04,1.26,-0.375,-0.794,0.461,-0.765,-2.24,0.855
2.24,-0.32,1.06,-1.18,0.143,0.386,-0.29,0.517,1.82,-0.608
-1.92,0.636,-0.348,0.831,-0.492,-0.649,0.69,-0.906,-1.56,0.385
-2.6,0.617,-0.782,1.19,-0.491,-0.693,0.757,-0.986,-2.03,0.56
-2.38,0.591,-0.611,1.16,-0.471,-0.592,0.77,-1.02,-1.94,0.414
2.53,-0.594,0.58,-1.2,0.567,0.613,-0.965,1.18,1.98,-0.341
-2.37,0.186,-0.861,1.38,-0.26,-0.154,0.743,-0.939,-1.88,0.178
2.64,-0.624,0.791,-1.26,0.473,0.666,-0.75,1.01,2.12,-0.549
-2.22,0.11,-1.03,1.24,-0.152,-0.164,0.501,-0.644,-1.7,0.337
-1.79,0.328,-0.477,0.843,-0.384,-0.375,0.704,-0.806,-1.33,0.209
2.43,-0.545,0.63,-1.15,0.507,0.581,-0.859,1.06,1.89,-0.375
2.19,-0.528,0.442,-0.963,0.572,0.583,-0.95,1.09,1.63,-0.265
2.45,-0.536,0.828,-1.23,0.354,0.556,-0.583,0.858,2.02,-0.543
2.27,-0.627,0.683,-1.03,0.41,0.676,-0.559,0.813,1.85,-0.588
-2.23,0.784,-0.939,1.02,-0.196,-0.834,-0.0114,-0.393,-2.04,1.04
2.1,-0.264,0.678,-1.06,0.363,0.318,-0.762,0.87,1.55,-0.22
4.36,-0.96,1.38,-2.14,0.711,1.01,-1.18,1.63,3.53,-0.891
-2.18,0.466,-1.07,1.12,-0.0961,-0.523,0.063,-0.37,-1.89,0.81
4.54,-0.867,1.49,-2.2,0.756,0.981,-1.33,1.69,3.53,-0.846
4.55,-1.05,1.45,-2.23,0.733,1.1,-1.17,1.66,3.72,-0.993
2.13,-0.643,0.653,-0.875,0.427,0.746,-0.511,0.719,1.68,-0.645
-2.26,0.881,-0.486,0.824,-0.598,-0.986,0.653,-0.897,-1.8,0.714
-1.94,0.255,-0.723,1.03,-0.241,-0.279,0.529,-0.688,-1.53,0.301
4.8,-1.04,1.54,-2.3,0.814,1.14,-1.34,1.77,3.8,-0.992
2.46,-0.237,1.11,-1.33,0.186,0.303,-0.482,0.677,1.92,-0.489
2.31,-0.562,0.535,-1.11,0.5,0.564,-0.841,1.07,1.84,-0.334
-1.85,0.355,-0.844,0.995,-0.101,-0.371,0.156,-0.412,-1.6,0.568
2.36,-0.585,0.733,-1.04,0.452,0.68,-0.655,0.853,1.83,-0.568
-1.49,-2.2,-1.58,2.2,0.765,2.47,0.926,-0.647,-0.818,-1.67
4.54,-0.824,1.56,-2.36,0.633,0.848,-1.2,1.66,3.69,-0.823
-1.83,0.535,-0.114,0.802,-0.616,-0.521,1.03,-1.17,-1.39,0.0596
2.35,-0.43,0.411,-1.2,0.583,0.394,-1.16,1.33,1.8,-0.028
2.34,-0.39,0.608,-1.18,0.478,0.405,-0.947,1.1,1.78,-0.194
4.67,-0.965,1.57,-2.25,0.74,1.08,-1.23,1.65,3.69,-0.996
2.53,-0.685,0.598,-1.14,0.569,0.724,-0.871,1.11,2,-0.471
2.39,-0.436,0.72,-1.25,0.39,0.429,-0.759,0.99,1.93,-0.333
-2.48,0.423,-1.18,1.27,-0.154,-0.505,0.24,-0.516,-2.04,0.769
2.28,-0.503,0.464,-1.11,0.537,0.496,-0.972,1.16,1.78,-0.202
-2.14,0.8,-0.962,0.936,-0.167,-0.879,-0.123,-0.274,-1.96,1.12
-1.73,0.511,-0.434,0.777,-0.368,-0.536,0.516,-0.709,-1.41,0.395
4.45,-1.06,1.26,-2.13,0.83,1.11,-1.34,1.79,3.58,-0.863
2.02,-0.496,0.542,-0.911,0.429,0.55,-0.672,0.84,1.57,-0.386
2.49,-0.235,0.887,-1.35,0.338,0.259,-0.824,0.983,1.9,-0.235
4.53,-1.08,1.49,-2.18,0.709,1.15,-1.07,1.57,3.7,-1.09
4.36,-0.903,1.48,-2.2,0.635,0.946,-1.09,1.55,3.56,-0.912
-2.2,0.314,-0.537,1.18,-0.434,-0.282,0.946,-1.11,-1.7,0.0724
-2.02,0.461,-0.414,0.923,-0.508,-0.494,0.877,-1.01,-1.52,0.214
-2.29,0.104,-1.14,1.3,-0.0981,-0.16,0.409,-0.577,-1.78,0.414
4.57,-0.894,1.63,-2.31,0.614,0.957,-1.07,1.54,3.71,-0.989
2.23,-0.517,0.92,-1.1,0.221,0.568,-0.275,0.558,1.88,-0.706
4.46,-1.12,1.36,-2.14,0.767,1.17,-1.16,1.66,3.66,-1.02
2.16,-0.629,0.633,-1.02,0.375,0.644,-0.5,0.782,1.82,-0.568
-2.49,0.223,-0.796,1.37,-0.385,-0.224,0.948,-1.1,-1.88,0.125
4.58,-0.917,1.47,-2.32,0.711,0.947,-1.27,1.73,3.71,-0.841
1.95,-0.436,0.492,-0.877,0.446,0.495,-0.743,0.871,1.46,-0.294
-2.22,0.811,-0.519,0.881,-0.528,-0.882,0.6,-0.863,-1.81,0.668
1.89,-0.73,0.562,-0.783,0.348,0.779,-0.284,0.573,1.64,-0.728
-1.78,0.418,-0.43,0.789,-0.415,-0.469,0.678,-0.8,-1.34,0.275
4.66,-0.975,1.49,-2.35,0.729,1.01,-1.27,1.75,3.79,-0.899
2.19,-0.458,0.63,-1.05,0.421,0.499,-0.726,0.906,1.7,-0.361
4.42,-0.772,1.46,-2.25,0.682,0.825,-1.3,1.68,3.49,-0.725
4.62,-0.94,1.39,-2.19,0.858,1.05,-1.47,1.84,3.57,-0.807
4.35,-1.02,1.27,-2.07,0.804,1.08,-1.29,1.72,3.47,-0.856
2.2,-0.381,0.851,-1.19,0.225,0.383,-0.445,0.7,1.84,-0.47
4.47,-0.76,1.54,-2.28,0.651,0.826,-1.25,1.64,3.54,-0.778
4.56,-0.72,1.63,-2.44,0.572,0.732,-1.19,1.64,3.7,-0.768
2.37,-0.615,0.547,-1.09,0.539,0.644,-0.857,1.08,1.87,-0.394
-2.13,1.03,-0.244,0.709,-0.694,-1.1,0.717,-0.995,-1.76,0.69
-2.39,0.297,-0.988,1.24,-0.255,-0.364,0.553,-0.737,-1.86,0.46
1.98,-0.564,0.559,-0.915,0.369,0.588,-0.511,0.747,1.64,-0.489
2.5,-0.764,0.699,-1.1,0.492,0.819,-0.629,0.922,2.06,-0.68
4.54,-0.876,1.56,-2.32,0.64,0.919,-1.15,1.62,3.69,-0.901
1.71,-0.166,0.475,-1,0.275,0.114,-0.707,0.844,1.36,-0.00946
4.42,-1.24,1.27,-2.03,0.826,1.31,-1.14,1.65,3.63,-1.1
-2.2,0.251,-0.51,1.21,-0.451,-0.212,1.04,-1.18,-1.67,-0.0312
-2.87,0.698,-1.03,1.32,-0.436,-0.799,0.596,-0.889,-2.31,0.801
1.99,-0.634,0.745,-0.888,0.267,0.697,-0.216,0.499,1.71,-0.761
-2.37,0.423,-0.615,1.24,-0.447,-0.399,0.895,-1.11,-1.89,0.216
4.41,-0.798,1.5,-2.3,0.617,0.816,-1.17,1.62,3.58,-0.787
2.16,-0.349,0.803,-1.12,0.275,0.384,-0.538,0.734,1.72,-0.412
-2.8,0.126,-1.11,1.67,-0.252,-0.0984,0.846,-1.06,-2.21,0.192
2.25,-0.543,0.714,-1.08,0.372,0.579,-0.568,0.811,1.83,-0.52
4.19,-0.805,1.27,-2.12,0.708,0.829,-1.31,1.7,3.34,-0.652
-2.22,0.286,-0.981,1.19,-0.173,-0.33,0.394,-0.607,-1.79,0.495
4.69,-0.892,1.46,-2.39,0.758,0.916,-1.41,1.86,3.76,-0.761
2.28,-0.319,0.905,-1.2,0.245,0.356,-0.522,0.728,1.82,-0.436
-2.12,0.381,-0.865,1.17,-0.174,-0.371,0.341,-0.617,-1.82,0.508
-2.46,0.626,-0.85,1.13,-0.388,-0.705,0.521,-0.783,-1.99,0.688
-2.53,0.592,-0.538,1.15,-0.622,-0.636,1.05,-1.23,-1.91,0.306
-2.17,0.701,-0.648,0.925,-0.413,-0.77,0.467,-0.73,-1.79,0.682
4.28,-0.92,1.32,-2.03,0.763,1.02,-1.26,1.63,3.35,-0.837
4.45,-0.741,1.52,-2.36,0.61,0.75,-1.23,1.66,3.6,-0.724
4.38,-0.815,1.49,-2.28,0.611,0.832,-1.15,1.6,3.57,-0.806
2.05,0.013,0.915,-1.2,0.157,0.0199,-0.615,0.704,1.52,-0.136
2.04,-0.5,0.548,-0.951,0.41,0.532,-0.651,0.844,1.62,-0.385
2.22,-0.267,0.662,-1.24,0.348,0.232,-0.824,1.01,1.75,-0.13
-2.05,0.218,-1.07,1.14,-0.0417,-0.265,0.166,-0.388,-1.7,0.567
4.32,-0.875,1.32,-2.06,0.788,0.975,-1.36,1.71,3.35,-0.76
4.7,-1.13,1.47,-2.23,0.804,1.21,-1.23,1.72,3.79,-1.06
4.57,-0.983,1.49,-2.22,0.738,1.07,-1.22,1.66,3.66,-0.96
2,-0.38,0.673,-1.03,0.286,0.39,-0.528,0.734,1.63,-0.371
2.45,-0.713,0.499,-1.06,0.616,0.759,-0.919,1.14,1.92,-0.44
4.63,-0.744,1.54,-2.41,0.698,0.782,-1.4,1.8,3.66,-0.683
4.65,-0.783,1.63,-2.32,0.689,0.89,-1.29,1.67,3.63,-0.844
-2.59,0.892,-0.352,0.973,-0.822,-0.985,1.15,-1.34,-1.94,0.468
-2.09,0.421,-0.808,1.09,-0.221,-0.435,0.372,-0.627,-1.76,0.521
-2.41,0.619,-0.738,1.08,-0.448,-0.694,0.641,-0.872,-1.91,0.589
2.39,-0.346,0.952,-1.27,0.253,0.382,-0.532,0.756,1.92,-0.472
4.66,-0.814,1.65,-2.38,0.647,0.882,-1.22,1.65,3.71,-0.876
2.47,-0.705,0.653,-1.13,0.501,0.738,-0.714,0.991,2.02,-0.566
2.22,-0.435,0.671,-1.06,0.41,0.487,-0.722,0.893,1.71,-0.368
4.36,-0.876,1.46,-2.22,0.636,0.908,-1.12,1.58,3.55,-0.862
-2.47,-0.00612,-1.13,1.51,-0.13,0.00485,0.645,-0.805,-1.91,0.194
-2.42,0.728,-0.759,1.07,-0.429,-0.797,0.513,-0.802,-2,0.73
4.54,-0.939,1.5,-2.27,0.689,0.987,-1.18,1.65,3.68,-0.916
2.26,-0.227,1.12,-1.32,0.0549,0.233,-0.252,0.517,1.91,-0.53
4.4,-0.951,1.5,-2.21,0.629,0.993,-1.04,1.53,3.62,-0.977
-2.56,0.28,-0.886,1.35,-0.383,-0.325,0.866,-1.02,-1.93,0.269
-1.38,0.434,-0.413,0.58,-0.269,-0.486,0.312,-0.467,-1.12,0.424
4.4,-0.82,1.45,-2.17,0.707,0.908,-1.27,1.65,3.45,-0.796
4.25,-0.909,1.39,-2.06,0.69,0.991,-1.14,1.55,3.39,-0.888
4.61,-0.95,1.45,-2.26,0.774,1.02,-1.33,1.76,3.66,-0.864
4.6,-0.906,1.37,-2.21,0.857,1,-1.51,1.87,3.55,-0.744
2.12,-0.172,0.911,-1.14,0.2,0.23,-0.522,0.659,1.61,-0.336
2.12,-0.179,0.773,-1.16,0.273,0.198,-0.693,0.827,1.62,-0.193
-3.08,0.388,-1.24,1.66,-0.31,-0.428,0.71,-0.986,-2.45,0.553
4.49,-0.838,1.3,-2.19,0.856,0.918,-1.57,1.9,3.45,-0.626
4.31,-0.693,1.42,-2.16,0.696,0.78,-1.35,1.67,3.31,-0.653
2.49,-0.517,0.891,-1.25,0.333,0.551,-0.552,0.823,2.04,-0.574
4.58,-0.834,1.47,-2.31,0.737,0.889,-1.37,1.78,3.62,-0.752
-2,0.713,-0.618,0.823,-0.371,-0.785,0.343,-0.61,-1.68,0.73
2.12,-0.474,0.519,-1.06,0.427,0.46,-0.761,0.973,1.71,-0.277
4.52,-0.847,1.42,-2.27,0.743,0.894,-1.37,1.78,3.58,-0.738
-2.96,0.449,-1.07,1.55,-0.397,-0.488,0.81,-1.06,-2.34,0.493
2.01,-0.441,0.79,-0.986,0.232,0.49,-0.334,0.564,1.66,-0.569
4.63,-0.927,1.59,-2.32,0.673,0.993,-1.16,1.63,3.74,-0.963
4.63,-0.859,1.61,-2.34,0.66,0.925,-1.2,1.64,3.71,-0.903
-2.76,0.705,-0.78,1.32,-0.51,-0.729,0.784,-1.09,-2.26,0.582
4.23,-0.827,1.34,-2.16,0.667,0.851,-1.22,1.63,3.41,-0.736
4.59,-1.02,1.37,-2.23,0.816,1.08,-1.36,1.8,3.67,-0.869
-2.17,0.486,-0.85,1.05,-0.263,-0.55,0.367,-0.607,-1.78,0.626
2.22,-0.391,0.817,-1.11,0.301,0.442,-0.545,0.743,1.76,-0.459
2.54,-0.5,0.669,-1.21,0.533,0.547,-0.96,1.14,1.93,-0.323
4.42,-0.713,1.49,-2.29,0.651,0.759,-1.3,1.68,3.49,-0.688
2.08,-0.437,0.559,-0.934,0.457,0.51,-0.772,0.897,1.54,-0.321
2.23,-0.371,0.654,-1.18,0.378,0.362,-0.771,0.968,1.77,-0.249
-3.11,0.401,-0.902,1.57,-0.599,-0.459,1.26,-1.41,-2.29,0.227
-2.65,0.708,-0.995,1.25,-0.336,-0.771,0.388,-0.73,-2.23,0.852
1.96,-0.225,0.696,-1.04,0.275,0.254,-0.622,0.754,1.5,-0.234
2.42,-0.425,0.709,-1.2,0.443,0.458,-0.843,1.02,1.86,-0.314
2.52,-0.726,0.547,-1.06,0.636,0.801,-0.935,1.14,1.94,-0.484
1.87,-0.66,0.49,-0.797,0.388,0.697,-0.435,0.684,1.58,-0.577
2.34,-0.255,0.841,-1.26,0.316,0.283,-0.736,0.897,1.8,-0.27
4.47,-0.932,1.42,-2.24,0.714,0.972,-1.24,1.69,3.62,-0.853
4.42,-0.928,1.27,-2.21,0.795,0.95,-1.41,1.83,3.54,-0.71
-2.1,0.41,-0.718,0.99,-0.348,-0.484,0.585,-0.745,-1.62,0.436
2.24,-0.217,0.949,-1.31,0.154,0.199,-0.475,0.708,1.85,-0.353
-2.59,0.535,-1,1.22,-0.344,-0.634,0.517,-0.758,-2.05,0.692
2.28,-0.0466,1.05,-1.41,0.0964,0.0245,-0.523,0.717,1.83,-0.235
1.8,-0.302,0.611,-0.919,0.266,0.325,-0.515,0.671,1.42,-0.299
2.02,-0.345,0.511,-0.991,0.429,0.369,-0.832,0.955,1.51,-0.171
2.21,-0.475,0.728,-1.04,0.373,0.54,-0.6,0.793,1.73,-0.479
-1.7,0.634,-0.454,0.731,-0.333,-0.656,0.334,-0.59,-1.47,0.571
-1.06,-0.771,0.273,-1.49,-1.93,-0.709,3.4,-1.43,2.41,-1.02
4.68,-0.899,1.55,-2.29,0.753,1,-1.32,1.73,3.68,-0.887
2.31,-0.533,0.822,-1.05,0.364,0.628,-0.52,0.73,1.82,-0.614
-2.6,0.55,-0.65,1.2,-0.585,-0.614,1.01,-1.18,-1.95,0.346
-2.11,0.859,-0.275,0.823,-0.627,-0.883,0.775,-1.04,-1.73,0.508
4.39,-0.796,1.45,-2.28,0.645,0.81,-1.23,1.67,3.55,-0.739
4.53,-0.906,1.51,-2.3,0.665,0.941,-1.18,1.65,3.69,-0.889
-2.21,0.172,-0.943,1.21,-0.209,-0.223,0.56,-0.706,-1.69,0.329
2.23,-0.466,0.683,-1.08,0.394,0.504,-0.675,0.874,1.76,-0.407
-2.92,0.666,-1.04,1.41,-0.415,-0.736,0.619,-0.932,-2.38,0.753
2.22,-0.359,0.772,-1.09,0.346,0.423,-0.652,0.809,1.69,-0.384
2.57,-0.646,0.643,-1.17,0.569,0.701,-0.898,1.12,2.01,-0.458
-2.34,0.44,-0.96,1.21,-0.23,-0.479,0.392,-0.658,-1.94,0.606
-2.34,0.884,-0.577,0.93,-0.536,-0.958,0.566,-0.864,-1.94,0.765
1.97,-0.526,0.6,-0.875,0.37,0.589,-0.512,0.706,1.57,-0.502
-2.15,0.484,-0.475,1.02,-0.5,-0.5,0.875,-1.04,-1.66,0.244
4.56,-0.83,1.33,-2.34,0.792,0.839,-1.52,1.93,3.61,-0.604
1.93,-0.185,0.571,-0.992,0.37,0.224,-0.832,0.899,1.38,-0.0775
2.31,-0.547,0.839,-1.11,0.313,0.597,-0.445,0.71,1.9,-0.631
2.34,-0.345,0.765,-1.2,0.373,0.378,-0.763,0.934,1.8,-0.305
-2.06,0.392,-0.671,1.09,-0.292,-0.381,0.554,-0.782,-1.7,0.355
2.53,-0.489,0.963,-1.32,0.281,0.505,-0.496,0.792,2.11,-0.59
-2.29,0.426,-1,1.18,-0.182,-0.475,0.292,-0.561,-1.91,0.658
-2.77,0.889,-0.393,1.07,-0.869,-0.989,1.27,-1.45,-2.06,0.44
4.47,-0.923,1.39,-2.2,0.76,0.989,-1.31,1.73,3.55,-0.822
-2.96,0.278,-1.08,1.7,-0.334,-0.25,0.896,-1.15,-2.36,0.281
-2.83,0.436,-1.11,1.47,-0.322,-0.485,0.644,-0.906,-2.26,0.569
-2.11,0.711,-0.736,0.862,-0.355,-0.815,0.304,-0.567,-1.75,0.813
4.33,-0.768,1.54,-2.2,0.602,0.838,-1.12,1.52,3.46,-0.836
4.43,-0.989,1.26,-2.1,0.852,1.07,-1.42,1.81,3.48,-0.793
2.4,-0.614,0.699,-1.08,0.469,0.682,-0.691,0.916,1.9,-0.545
2.39,-0.716,0.713,-1.06,0.443,0.774,-0.557,0.839,1.97,-0.677
-2.2,0.411,-0.839,1.19,-0.223,-0.402,0.423,-0.699,-1.87,0.489
-1.99,0.625,-0.762,0.868,-0.267,-0.704,0.208,-0.478,-1.68,0.774
-2.27,0.701,-0.542,0.966,-0.522,-0.759,0.707,-0.94,-1.81,0.539
2.37,-0.544,0.695,-1.11,0.453,0.599,-0.729,0.937,1.86,-0.463
4.41,-1.08,1.22,-2.11,0.842,1.12,-1.35,1.8,3.56,-0.85
2.28,-0.729,0.454,-0.995,0.565,0.752,-0.798,1.05,1.85,-0.467
2.36,-0.0849,0.875,-1.45,0.232,0.0312,-0.797,0.977,1.87,-0.0671
-2.04,0.831,-0.509,0.822,-0.441,-0.876,0.405,-0.713,-1.76,0.738
4.42,-0.783,1.43,-2.2,0.726,0.865,-1.35,1.71,3.44,-0.723
4.47,-0.983,1.21,-2.19,0.861,1.01,-1.49,1.91,3.56,-0.701
4.59,-0.9,1.48,-2.29,0.735,0.961,-1.31,1.73,3.66,-0.84
4.38,-0.844,1.49,-2.2,0.647,0.901,-1.15,1.58,3.52,-0.853
4.85,-0.837,1.58,-2.43,0.788,0.923,-1.49,1.88,3.77,-0.774
2.35,-0.706,0.334,-0.98,0.698,0.747,-1.08,1.25,1.78,-0.305
-2.53,-0.078,-1.1,1.59,-0.162,0.103,0.804,-0.943,-1.93,0.0422
2.26,-0.219,0.927,-1.24,0.224,0.254,-0.568,0.741,1.76,-0.346
2.21,-0.591,0.607,-1.05,0.414,0.602,-0.622,0.879,1.83,-0.477
-2.57,0.31,-0.821,1.31,-0.44,-0.363,0.945,-1.08,-1.9,0.241
-1.42,0.29,-0.553,0.736,-0.148,-0.302,0.243,-0.417,-1.19,0.365
-2.65,0.409,-1.04,1.44,-0.268,-0.416,0.571,-0.857,-2.19,0.52
4.78,-0.926,1.53,-2.33,0.813,1.03,-1.44,1.83,3.74,-0.856
2.2,-0.481,0.81,-1.03,0.316,0.558,-0.468,0.678,1.75,-0.576
-2.62,0.216,-1.33,1.55,-0.0439,-0.224,0.295,-0.592,-2.2,0.589
-2.31,1,-0.235,0.858,-0.742,-1.03,0.9,-1.18,-1.89,0.564
2.03,-0.299,0.767,-1.1,0.223,0.304,-0.485,0.69,1.65,-0.358
2.34,-0.644,0.613,-0.991,0.528,0.733,-0.755,0.948,1.8,-0.525
2.05,-0.441,0.606,-0.987,0.379,0.477,-0.642,0.823,1.62,-0.367
-2.48,0.127,-0.879,1.37,-0.35,-0.159,0.937,-1.04,-1.82,0.107
-2.04,0.389,-0.616,1.02,-0.352,-0.409,0.646,-0.825,-1.61,0.317
4.44,-0.886,1.35,-2.25,0.738,0.905,-1.34,1.77,3.57,-0.734
4.57,-0.731,1.65,-2.36,0.607,0.797,-1.2,1.61,3.63,-0.817
-1.68,0.568,-0.112,0.589,-0.628,-0.639,0.932,-1.01,-1.18,0.184
2.3,-0.499,0.834,-1.08,0.337,0.575,-0.51,0.728,1.83,-0.583
-2.05,0.671,-0.544,0.854,-0.445,-0.738,0.54,-0.767,-1.66,0.587
2.31,-0.408,0.798,-1.11,0.369,0.482,-0.659,0.829,1.77,-0.437
2.1,-0.267,1.02,-1.11,0.121,0.341,-0.263,0.461,1.69,-0.567
2.05,-0.191,0.674,-1.09,0.324,0.216,-0.766,0.875,1.53,-0.139
2.25,-0.367,0.668,-1.13,0.406,0.396,-0.799,0.96,1.72,-0.267
4.64,-0.949,1.45,-2.31,0.765,0.995,-1.34,1.79,3.72,-0.84
4.43,-0.917,1.5,-2.25,0.628,0.948,-1.08,1.57,3.64,-0.928
-2.46,0.0684,-1.22,1.46,-0.0809,-0.0955,0.459,-0.652,-1.94,0.378
-2.21,0.00491,-0.968,1.38,-0.128,0.0208,0.615,-0.775,-1.74,0.131
4.54,-0.888,1.6,-2.32,0.613,0.935,-1.08,1.56,3.71,-0.956
2.36,-0.332,0.891,-1.28,0.269,0.343,-0.591,0.816,1.9,-0.396
2.06,-0.372,0.517,-0.957,0.473,0.432,-0.87,0.969,1.5,-0.205
4.6,-0.87,1.49,-2.26,0.759,0.961,-1.36,1.74,3.6,-0.82
-2.27,0.456,-0.537,1.11,-0.498,-0.471,0.916,-1.09,-1.74,0.23
2.37,-0.489,1.08,-1.17,0.183,0.572,-0.223,0.503,1.97,-0.791
4.39,-0.882,1.46,-2.19,0.671,0.94,-1.17,1.6,3.53,-0.868
4.33,-0.937,1.37,-2.12,0.717,1,-1.2,1.62,3.48,-0.867
-2.51,0.412,-1.03,1.35,-0.221,-0.426,0.446,-0.735,-2.09,0.572
4.44,-0.784,1.43,-2.31,0.678,0.796,-1.32,1.74,3.57,-0.688
2.44,-0.539,0.946,-1.15,0.319,0.629,-0.451,0.696,1.96,-0.692
1.89,-0.605,0.435,-0.858,0.408,0.609,-0.553,0.795,1.58,-0.443
4.41,-0.798,1.52,-2.21,0.654,0.88,-1.19,1.58,3.48,-0.832
-2.58,0.624,-0.809,1.25,-0.424,-0.651,0.656,-0.945,-2.12,0.582
4.64,-0.927,1.4,-2.22,0.858,1.03,-1.5,1.86,3.59,-0.785
4.43,-0.818,1.44,-2.2,0.72,0.894,-1.31,1.69,3.48,-0.764
4.44,-0.99,1.35,-2.11,0.802,1.08,-1.31,1.71,3.51,-0.88
2.3,-0.588,0.783,-1.07,0.363,0.651,-0.494,0.747,1.88,-0.631
-2.2,0.998,-0.713,0.756,-0.429,-1.14,0.176,-0.509,-1.88,1.11
4.46,-0.783,1.5,-2.27,0.673,0.841,-1.27,1.67,3.53,-0.763
4.57,-0.702,1.48,-2.36,0.73,0.751,-1.48,1.84,3.56,-0.601
-3.09,0.455,-1.2,1.67,-0.327,-0.472,0.705,-1.02,-2.51,0.576
4.42,-0.984,1.34,-2.06,0.821,1.1,-1.33,1.7,3.45,-0.884
4.44,-1.09,1.28,-2.1,0.833,1.15,-1.3,1.75,3.57,-0.913
2.14,-0.313,1.12,-1.1,0.0783,0.404,-0.129,0.355,1.75,-0.706
2.25,-0.344,0.666,-1.2,0.371,0.33,-0.787,0.98,1.78,-0.222
4.47,-0.958,1.43,-2.22,0.709,1,-1.2,1.66,3.63,-0.893
2.15,-0.38,0.686,-1.03,0.387,0.446,-0.703,0.845,1.63,-0.347
-1.46,0.36,-0.407,0.633,-0.317,-0.419,0.481,-0.587,-1.11,0.303
4.44,-0.923,1.5,-2.11,0.713,1.05,-1.16,1.56,3.49,-0.966
2.13,-0.356,0.642,-1.03,0.403,0.413,-0.76,0.888,1.59,-0.283
-2.31,0.793,-0.7,0.953,-0.44,-0.879,0.443,-0.734,-1.91,0.797
2.05,-0.464,0.648,-1,0.333,0.489,-0.54,0.756,1.66,-0.434
4.44,-0.879,1.56,-2.29,0.587,0.908,-1.04,1.53,3.66,-0.937
2.1,-0.324,0.598,-1.01,0.425,0.38,-0.828,0.933,1.54,-0.212
1.71,-0.0671,0.69,-0.934,0.198,0.112,-0.558,0.625,1.24,-0.142
2.09,-0.517,0.719,-0.972,0.326,0.577,-0.455,0.677,1.69,-0.562
2.08,-0.691,0.4,-0.909,0.514,0.702,-0.71,0.955,1.71,-0.44
4.31,-0.851,1.4,-2.13,0.699,0.924,-1.23,1.62,3.42,-0.807
4.5,-0.755,1.55,-2.29,0.659,0.824,-1.27,1.65,3.54,-0.772
-2.3,0.366,-0.732,1.24,-0.34,-0.349,0.716,-0.938,-1.86,0.292
-3.07,0.819,-0.669,1.31,-0.777,-0.915,1.2,-1.42,-2.32,0.519
4.3,-1.02,1.42,-2.06,0.675,1.1,-1.02,1.48,3.5,-1.04
4.75,-1.07,1.52,-2.29,0.789,1.16,-1.26,1.74,3.82,-1.03
4.79,-0.981,1.5,-2.39,0.789,1.03,-1.39,1.85,3.85,-0.867
-2.05,-0.0254,-0.987,1.3,-0.0532,0.0467,0.466,-0.627,-1.63,0.176
4.45,-0.818,1.48,-2.21,0.702,0.9,-1.28,1.66,3.5,-0.799
1.9,-0.222,0.571,-1.01,0.325,0.229,-0.732,0.851,1.44,-0.123
4.71,-0.988,1.55,-2.27,0.775,1.1,-1.28,1.71,3.72,-0.977
4.52,-0.939,1.36,-2.22,0.794,0.992,-1.39,1.8,3.59,-0.785
2.24,-0.381,0.707,-1.21,0.326,0.356,-0.671,0.904,1.83,-0.305
2.03,-0.487,0.572,-1.01,0.358,0.484,-0.589,0.82,1.67,-0.383
1.98,-0.402,0.454,-0.986,0.429,0.397,-0.8,0.964,1.55,-0.185
4.58,-0.965,1.54,-2.28,0.679,1.02,-1.14,1.62,3.73,-0.978
2.13,-0.0493,1,-1.26,0.109,0.0693,-0.486,0.636,1.66,-0.262
-2.37,0.479,-0.873,1.2,-0.298,-0.512,0.5,-0.76,-1.95,0.556
4.19,-0.614,1.53,-2.22,0.536,0.656,-1.13,1.5,3.33,-0.687
-1.88,0.499,-0.561,0.83,-0.364,-0.562,0.511,-0.69,-1.49,0.465
-1.89,0.624,-0.848,0.856,-0.153,-0.693,-0.0215,-0.294,-1.69,0.89
-2.48,0.48,-0.976,1.21,-0.305,-0.56,0.491,-0.728,-1.98,0.634
-2.1,0.427,-0.837,0.993,-0.267,-0.513,0.398,-0.592,-1.66,0.577
-2.15,0.344,-0.614,1.09,-0.402,-0.366,0.802,-0.95,-1.64,0.221
-1.87,0.32,-0.89,0.962,-0.112,-0.379,0.176,-0.388,-1.55,0.581
-2.49,0.723,-0.907,1.08,-0.374,-0.828,0.389,-0.681,-2.04,0.858
2.32,-0.405,0.774,-1.23,0.327,0.404,-0.645,0.88,1.89,-0.378
4.6,-0.869,1.34,-2.26,0.854,0.938,-1.56,1.93,3.56,-0.664
4.57,-0.894,1.47,-2.26,0.745,0.969,-1.32,1.73,3.61,-0.837
-2.49,1.24,-0.705,0.866,-0.516,-1.35,0.201,-0.64,-2.22,1.27
2,-0.505,0.664,-0.892,0.347,0.582,-0.479,0.668,1.58,-0.533
-2.29,0.329,-0.86,1.14,-0.314,-0.4,0.62,-0.78,-1.75,0.411
4.38,-0.822,1.49,-2.27,0.611,0.845,-1.13,1.59,3.57,-0.823
2.37,-0.557,0.697,-1.1,0.452,0.614,-0.714,0.926,1.87,-0.482
4.18,-0.838,1.25,-1.99,0.785,0.939,-1.36,1.68,3.22,-0.703
-2.77,-0.0331,-1.19,1.71,-0.189,0.0537,0.853,-1.02,-2.13,0.0993
4.47,-0.895,1.34,-2.21,0.787,0.945,-1.4,1.8,3.53,-0.733
4.56,-0.83,1.53,-2.32,0.687,0.881,-1.28,1.7,3.64,-0.804
4.57,-0.827,1.62,-2.3,0.645,0.912,-1.17,1.59,3.63,-0.905
2.13,-0.481,0.638,-0.998,0.398,0.532,-0.644,0.83,1.67,-0.422
4.28,-0.847,1.23,-2.13,0.783,0.882,-1.42,1.8,3.38,-0.633
-2.28,0.758,-0.652,0.947,-0.465,-0.839,0.525,-0.791,-1.87,0.715
-2.05,0.573,-0.554,0.865,-0.454,-0.656,0.633,-0.807,-1.59,0.488
2.47,-0.432,0.796,-1.22,0.412,0.481,-0.769,0.961,1.91,-0.395
-1.84,0.733,-0.504,0.732,-0.381,-0.791,0.332,-0.599,-1.57,0.695
2.63,-0.3,0.642,-1.33,0.584,0.332,-1.27,1.36,1.88,-0.0233
-2.47,0.699,-0.61,1.14,-0.52,-0.719,0.768,-1.04,-2.02,0.514
4.53,-1.21,1.25,-1.99,0.941,1.35,-1.36,1.78,3.55,-1.02
-1.95,0.242,-0.946,1.13,-0.0528,-0.24,0.193,-0.443,-1.67,0.492
2.43,-0.478,0.862,-1.21,0.343,0.524,-0.587,0.824,1.95,-0.527
-2.43,0.842,-0.484,0.933,-0.659,-0.938,0.844,-1.07,-1.89,0.601
2.77,-0.145,1,-1.59,0.335,0.138,-0.969,1.14,2.11,-0.131
4.56,-0.948,1.51,-2.19,0.744,1.06,-1.24,1.65,3.6,-0.952
-2.7,0.223,-1.19,1.57,-0.173,-0.222,0.565,-0.823,-2.2,0.428
2.26,-0.403,0.891,-1.12,0.28,0.475,-0.482,0.684,1.79,-0.537
-2.05,0.735,-0.765,0.931,-0.25,-0.772,0.123,-0.478,-1.86,0.867
-2.25,0.501,-0.563,1.07,-0.486,-0.532,0.835,-1.02,-1.75,0.319
4.41,-0.868,1.39,-2.16,0.753,0.951,-1.33,1.7,3.46,-0.785
2.43,-0.211,0.882,-1.3,0.334,0.255,-0.812,0.946,1.82,-0.233
4.38,-0.845,1.42,-2.21,0.693,0.893,-1.25,1.67,3.5,-0.782
-2.09,0.582,-0.355,0.856,-0.603,-0.647,0.938,-1.07,-1.54,0.285
-2.55,0.38,-0.988,1.41,-0.257,-0.376,0.568,-0.844,-2.11,0.471
2.18,-0.311,1.02,-1.16,0.136,0.368,-0.28,0.507,1.78,-0.585
-2.41,0.794,-0.669,0.974,-0.519,-0.895,0.601,-0.858,-1.93,0.735
4.49,-0.856,1.5,-2.2,0.719,0.954,-1.27,1.65,3.52,-0.85
-2.63,0.374,-0.934,1.34,-0.378,-0.43,0.773,-0.965,-2.02,0.407
2.38,-0.422,0.525,-1.23,0.518,0.397,-1.04,1.22,1.84,-0.124
4.54,-0.669,1.61,-2.34,0.645,0.749,-1.31,1.67,3.53,-0.716
-2.07,0.494,-0.642,1.03,-0.332,-0.502,0.529,-0.77,-1.72,0.448
-2.48,0.902,-0.712,1,-0.501,-0.992,0.49,-0.811,-2.07,0.873
4.29,-0.949,1.3,-2.04,0.777,1.04,-1.28,1.66,3.38,-0.837
2.7,-0.521,0.742,-1.31,0.533,0.559,-0.972,1.18,2.08,-0.358
2.2,-0.346,0.704,-1.17,0.332,0.341,-0.693,0.893,1.76,-0.282
2.28,-0.438,0.756,-1.2,0.317,0.43,-0.595,0.848,1.88,-0.411
4.46,-0.814,1.48,-2.31,0.653,0.835,-1.24,1.68,3.6,-0.769
-2.13,0.12,-0.586,1.22,-0.374,-0.0853,0.992,-1.1,-1.59,-0.0823
-2.04,0.541,-0.794,1.01,-0.217,-0.564,0.241,-0.538,-1.78,0.669
2.44,-0.243,0.911,-1.29,0.319,0.292,-0.75,0.9,1.84,-0.297
4.47,-0.886,1.36,-2.16,0.808,0.976,-1.42,1.78,3.47,-0.755
2.45,-0.471,0.641,-1.2,0.504,0.499,-0.931,1.11,1.88,-0.287
-2.36,0.22,-0.811,1.32,-0.319,-0.216,0.803,-0.971,-1.83,0.182
4.63,-0.949,1.44,-2.22,0.824,1.05,-1.41,1.8,3.61,-0.852
4.55,-0.943,1.49,-2.22,0.736,1.03,-1.24,1.67,3.62,-0.92
4.49,-0.927,1.39,-2.2,0.768,0.992,-1.33,1.74,3.56,-0.817
-3.68,-1.89,-4.73,1.19,0.696,0.306,-0.464,1.63,-0.68,1.66
2.2,-0.295,0.581,-1.11,0.455,0.322,-0.955,1.06,1.62,-0.112
2.04,-0.388,0.558,-0.998,0.406,0.416,-0.749,0.901,1.57,-0.258
4.36,-0.917,1.29,-2.14,0.778,0.967,-1.35,1.76,3.47,-0.753
2.38,-0.654,0.634,-1.03,0.52,0.733,-0.745,0.956,1.86,-0.537
4.58,-0.918,1.44,-2.27,0.758,0.978,-1.34,1.76,3.64,-0.825
1.9,-0.501,0.586,-0.901,0.323,0.527,-0.462,0.684,1.57,-0.47
2.29,-0.429,0.668,-1.13,0.421,0.46,-0.778,0.961,1.78,-0.326
4.29,-0.919,1.36,-2.07,0.732,1,-1.22,1.61,3.41,-0.856
4.48,-0.773,1.5,-2.28,0.679,0.833,-1.3,1.69,3.54,-0.75
2.39,-0.677,0.856,-1.12,0.328,0.728,-0.369,0.687,2.03,-0.771
4.62,-0.922,1.43,-2.28,0.786,0.987,-1.39,1.81,3.66,-0.808
4.61,-0.863,1.54,-2.31,0.709,0.937,-1.28,1.7,3.66,-0.853
-2.48,0.743,-0.832,1.12,-0.396,-0.809,0.446,-0.762,-2.08,0.795
4.69,-0.969,1.48,-2.31,0.784,1.04,-1.35,1.79,3.74,-0.882
2.27,-0.371,0.945,-1.18,0.219,0.417,-0.414,0.645,1.84,-0.541
-1.82,0.509,0.00113,0.793,-0.693,-0.486,1.22,-1.31,-1.33,-0.0841
2.5,-0.389,0.693,-1.33,0.443,0.369,-0.932,1.14,1.97,-0.208
2.19,-0.518,0.622,-1.08,0.389,0.52,-0.642,0.884,1.8,-0.411
4.6,-0.94,1.46,-2.23,0.785,1.03,-1.34,1.75,3.62,-0.868
4.57,-0.89,1.46,-2.33,0.715,0.915,-1.31,1.76,3.69,-0.799
4.5,-0.637,1.65,-2.39,0.571,0.684,-1.22,1.61,3.57,-0.721
4.59,-0.816,1.5,-2.33,0.718,0.869,-1.36,1.76,3.63,-0.754
-1.89,0.411,-0.456,0.912,-0.408,-0.424,0.721,-0.877,-1.47,0.237
2.22,-0.224,0.706,-1.27,0.31,0.183,-0.793,0.977,1.76,-0.121
2.2,-0.494,0.958,-1.05,0.215,0.583,-0.25,0.5,1.81,-0.739
2.26,-0.364,0.65,-1.09,0.446,0.42,-0.858,0.984,1.67,-0.253
4.65,-0.995,1.48,-2.27,0.765,1.07,-1.28,1.74,3.73,-0.931
4.58,-0.922,1.41,-2.19,0.827,1.03,-1.43,1.8,3.55,-0.811
2.02,-0.394,0.75,-1.07,0.226,0.393,-0.408,0.653,1.7,-0.452
4.51,-0.975,1.33,-2.19,0.811,1.03,-1.38,1.8,3.59,-0.806
2.34,-0.633,0.766,-1.14,0.346,0.647,-0.468,0.781,1.99,-0.636
4.32,-0.98,1.3,-2.01,0.808,1.09,-1.3,1.67,3.38,-0.869
4.46,-0.809,1.55,-2.21,0.663,0.907,-1.19,1.58,3.51,-0.865
-2.27,0.48,-0.611,1.12,-0.44,-0.492,0.782,-0.988,-1.8,0.329
2.02,-0.52,0.926,-1.02,0.119,0.553,-0.0553,0.376,1.8,-0.784
4.58,-0.722,1.56,-2.39,0.66,0.757,-1.34,1.74,3.63,-0.696
4.58,-0.976,1.44,-2.27,0.746,1.02,-1.27,1.74,3.7,-0.888
-2.47,0.458,-1.15,1.24,-0.178,-0.547,0.251,-0.526,-2.03,0.786
4.6,-0.957,1.46,-2.19,0.804,1.07,-1.35,1.73,3.59,-0.899
4.51,-0.773,1.53,-2.25,0.698,0.866,-1.31,1.67,3.51,-0.779
2.01,-0.544,0.447,-0.828,0.514,0.624,-0.772,0.907,1.5,-0.366
-1.96,-0.228,-1.26,1.32,0.149,0.209,0.199,-0.329,-1.54,0.254
-2.92,0.634,-0.973,1.44,-0.448,-0.676,0.736,-1.04,-2.37,0.634
-1.86,0.196,-0.642,0.974,-0.279,-0.23,0.635,-0.741,-1.39,0.187
2.15,-0.526,0.7,-1.09,0.313,0.525,-0.483,0.758,1.82,-0.508
4.38,-0.715,1.37,-2.17,0.762,0.802,-1.47,1.78,3.34,-0.602
2.38,-0.451,0.727,-1.13,0.439,0.514,-0.78,0.951,1.81,-0.389
4.68,-0.715,1.61,-2.44,0.668,0.762,-1.37,1.76,3.69,-0.71
2.03,-0.463,0.697,-0.932,0.331,0.537,-0.493,0.676,1.6,-0.505
-2.23,0.529,-0.478,1.01,-0.545,-0.567,0.917,-1.08,-1.7,0.281
2.21,-0.673,0.573,-0.937,0.485,0.74,-0.64,0.865,1.76,-0.561
2.46,-0.754,0.608,-1.05,0.558,0.823,-0.75,0.999,1.96,-0.598
-2.67,0.223,-1.39,1.5,-0.0643,-0.292,0.285,-0.541,-2.16,0.668
4.62,-0.848,1.53,-2.31,0.725,0.925,-1.33,1.73,3.65,-0.822
4.5,-0.852,1.43,-2.3,0.708,0.878,-1.31,1.75,3.61,-0.754
-2.32,0.491,-0.242,1.02,-0.76,-0.527,1.39,-1.46,-1.61,-0.0299
2.44,-0.739,0.768,-1.07,0.431,0.811,-0.506,0.799,2.01,-0.746
4.46,-0.98,1.33,-2.17,0.795,1.04,-1.34,1.76,3.56,-0.831
2.32,-0.572,0.396,-1.12,0.593,0.551,-1.04,1.24,1.83,-0.195
-2.67,0.21,-1.14,1.49,-0.229,-0.249,0.647,-0.849,-2.09,0.396
2.41,-0.533,0.725,-1.12,0.453,0.598,-0.737,0.938,1.87,-0.471
4.44,-1.04,1.32,-2.13,0.793,1.1,-1.27,1.72,3.58,-0.905
2.22,-0.29,0.671,-1.15,0.39,0.315,-0.836,0.971,1.67,-0.189
-2.79,0.762,-1.01,1.26,-0.408,-0.862,0.472,-0.797,-2.29,0.895
2.32,-0.746,0.481,-1.02,0.554,0.763,-0.773,1.04,1.9,-0.497
4.81,-0.822,1.74,-2.42,0.672,0.927,-1.25,1.67,3.79,-0.93
4.71,-0.842,1.62,-2.34,0.719,0.946,-1.31,1.7,3.69,-0.875
2.23,-0.338,0.641,-1.13,0.418,0.364,-0.847,0.991,1.69,-0.212
2.25,-0.645,0.592,-1.05,0.447,0.662,-0.64,0.906,1.86,-0.512
-2.25,0.737,-0.522,0.955,-0.522,-0.786,0.68,-0.931,-1.83,0.564
4.7,-0.989,1.43,-2.32,0.811,1.04,-1.41,1.86,3.76,-0.841
2.4,-0.368,0.696,-1.25,0.425,0.374,-0.878,1.06,1.86,-0.232
2.61,-0.546,0.762,-1.32,0.45,0.549,-0.803,1.07,2.11,-0.427
4.35,-0.926,1.49,-2.19,0.62,0.971,-1.04,1.51,3.57,-0.957
-2.26,0.462,-0.174,1.1,-0.72,-0.42,1.4,-1.51,-1.66,-0.136
4.59,-1.19,1.4,-2.16,0.802,1.27,-1.17,1.68,3.75,-1.1
1.91,-0.615,0.582,-0.858,0.334,0.649,-0.377,0.637,1.63,-0.598
2.38,-0.48,0.884,-1.22,0.287,0.503,-0.488,0.76,1.98,-0.559
2.05,-0.513,0.493,-0.945,0.453,0.541,-0.73,0.913,1.61,-0.34
2.49,-0.799,0.837,-1.05,0.419,0.898,-0.414,0.723,2.06,-0.877
4.66,-0.963,1.51,-2.3,0.746,1.03,-1.28,1.73,3.73,-0.918
-2.1,0.366,-1.28,1.08,0.0447,-0.479,-0.185,-0.0974,-1.8,0.95
4.61,-1.07,1.48,-2.19,0.772,1.17,-1.2,1.66,3.7,-1.04
-2.16,-0.00022,-1.01,1.32,-0.0991,-0.00164,0.531,-0.678,-1.68,0.195
2.27,-0.479,0.854,-1.15,0.269,0.507,-0.431,0.698,1.89,-0.572
4.55,-0.861,1.58,-2.31,0.639,0.912,-1.15,1.61,3.67,-0.898
2.45,-0.64,0.725,-1.19,0.418,0.651,-0.624,0.921,2.04,-0.562
-2.49,0.917,-0.382,1.02,-0.698,-0.943,0.922,-1.21,-2.03,0.542
-2.37,0.743,-0.592,1.06,-0.501,-0.77,0.67,-0.957,-1.97,0.585
-2.07,0.663,-0.449,0.813,-0.538,-0.748,0.717,-0.892,-1.59,0.487
2.35,-0.689,0.802,-1.02,0.392,0.783,-0.443,0.71,1.92,-0.76
-2.66,0.908,-0.551,1.03,-0.707,-1.01,0.906,-1.15,-2.07,0.663
-2.24,0.511,-0.775,1.08,-0.331,-0.556,0.506,-0.746,-1.82,0.549
4.74,-0.898,1.53,-2.34,0.774,0.981,-1.39,1.8,3.73,-0.84
-1.8,0.167,-0.548,0.949,-0.319,-0.19,0.742,-0.821,-1.32,0.0777
-2.31,0.667,-0.75,1,-0.409,-0.753,0.496,-0.747,-1.87,0.696
-2.02,0.332,-0.437,1.07,-0.437,-0.297,0.91,-1.06,-1.57,0.0592
4.23,-0.911,1.26,-2.03,0.773,0.989,-1.3,1.68,3.33,-0.775
-2.28,0.433,-0.65,1.15,-0.413,-0.443,0.775,-0.975,-1.8,0.308
4.65,-0.943,1.53,-2.28,0.744,1.03,-1.27,1.7,3.69,-0.922
4.6,-0.944,1.61,-2.26,0.671,1.04,-1.12,1.57,3.69,-1.02
4.55,-0.937,1.45,-2.26,0.732,0.988,-1.27,1.72,3.65,-0.863
-2.04,0.784,-0.147,0.704,-0.744,-0.861,1.02,-1.16,-1.51,0.34
4.27,-0.871,1.4,-2.11,0.682,0.94,-1.17,1.58,3.41,-0.84
2.2,-0.375,0.71,-1.13,0.349,0.397,-0.677,0.865,1.73,-0.332
-2.28,0.118,-0.606,1.33,-0.406,-0.0669,1.1,-1.21,-1.71,-0.128
4.82,-0.934,1.59,-2.37,0.772,1.03,-1.36,1.79,3.8,-0.912
2.25,-0.365,0.743,-1.21,0.316,0.356,-0.655,0.877,1.82,-0.324
2.25,-0.468,0.847,-1.14,0.269,0.497,-0.437,0.698,1.87,-0.559
-1.58,-2.54,-3.62,2.65,2.16,2.69,-1.6,1.51,-1.47,-0.0707
2.27,-0.5,0.614,-1.08,0.457,0.534,-0.779,0.972,1.78,-0.363
2.36,-0.354,0.83,-1.23,0.324,0.38,-0.668,0.869,1.86,-0.369
2.25,-0.522,0.835,-1.14,0.262,0.537,-0.387,0.681,1.91,-0.607
-2.42,0.0638,-0.947,1.37,-0.278,-0.0992,0.839,-0.94,-1.78,0.125
-2.01,0.775,-0.234,0.787,-0.622,-0.801,0.824,-1.04,-1.61,0.408
-2.43,0.594,-0.549,1.18,-0.531,-0.585,0.904,-1.15,-1.96,0.333
-1.99,0.231,-0.785,1.08,-0.213,-0.254,0.503,-0.67,-1.57,0.316
4.47,-0.901,1.43,-2.21,0.73,0.964,-1.28,1.69,3.56,-0.831
2.15,-0.458,0.599,-1.02,0.422,0.495,-0.725,0.902,1.67,-0.346
4.41,-0.943,1.42,-2.14,0.729,1.02,-1.21,1.63,3.51,-0.898
-2.55,-0.0171,-1.31,1.54,-0.0579,-0.0206,0.496,-0.666,-1.98,0.341
4.49,-0.974,1.33,-2.11,0.849,1.08,-1.41,1.78,3.49,-0.832
-1.95,-0.0442,-0.721,1.23,-0.195,0.0902,0.768,-0.87,-1.48,-0.0804
2.04,-0.599,0.612,-0.942,0.357,0.627,-0.462,0.72,1.71,-0.56
-2.26,0.245,-0.876,1.25,-0.24,-0.255,0.599,-0.791,-1.79,0.317
2.54,-0.486,0.903,-1.21,0.385,0.569,-0.648,0.858,1.97,-0.551
-2.52,0.229,-0.953,1.36,-0.307,-0.266,0.762,-0.927,-1.92,0.289
4.44,-0.872,1.4,-2.27,0.701,0.891,-1.28,1.72,3.59,-0.766
2.31,-0.551,0.756,-1.05,0.403,0.632,-0.594,0.804,1.82,-0.564
4.41,-0.861,1.43,-2.19,0.711,0.93,-1.26,1.66,3.5,-0.812
1.98,-0.377,0.595,-0.923,0.382,0.441,-0.669,0.798,1.49,-0.32
-2.12,0.134,-0.549,1.14,-0.435,-0.142,1.06,-1.12,-1.5,-0.0837
1.99,-0.51,0.371,-0.878,0.529,0.546,-0.867,1.01,1.51,-0.241
4.61,-0.882,1.46,-2.24,0.796,0.98,-1.42,1.79,3.58,-0.798
4.52,-0.999,1.2,-2.22,0.885,1.02,-1.54,1.96,3.6,-0.69
2.24,-0.448,0.977,-1.11,0.202,0.519,-0.286,0.538,1.85,-0.683
4.57,-0.942,1.43,-2.29,0.749,0.982,-1.31,1.76,3.68,-0.835
4.63,-0.848,1.62,-2.41,0.622,0.876,-1.16,1.64,3.77,-0.885
-2.4,0.0376,-1.15,1.4,-0.121,-0.0809,0.542,-0.691,-1.84,0.307
4.24,-0.953,1.38,-1.97,0.724,1.08,-1.13,1.51,3.34,-0.955
-2.08,0.407,-0.347,0.938,-0.592,-0.45,1.09,-1.17,-1.47,0.0671
2.39,-0.643,0.729,-1.05,0.456,0.728,-0.625,0.855,1.89,-0.618
2.76,-0.295,1.05,-1.45,0.355,0.361,-0.81,0.985,2.09,-0.382
-2.44,0.415,-0.42,1.19,-0.647,-0.419,1.28,-1.4,-1.78,0.000923
1.81,-0.379,0.649,-0.952,0.219,0.377,-0.377,0.603,1.53,-0.411
2.02,-0.481,0.552,-1.01,0.366,0.472,-0.615,0.843,1.67,-0.357
4.37,-0.844,1.42,-2.12,0.734,0.947,-1.29,1.65,3.4,-0.807
-2.45,0.634,-0.851,1.08,-0.405,-0.738,0.525,-0.766,-1.95,0.711
4.53,-0.794,1.57,-2.35,0.629,0.832,-1.2,1.64,3.65,-0.815
-2.57,0.186,-1.12,1.47,-0.19,-0.204,0.595,-0.806,-2.04,0.372
4.52,-0.864,1.5,-2.3,0.679,0.903,-1.24,1.68,3.64,-0.828
2.09,-0.496,0.55,-0.973,0.432,0.531,-0.703,0.888,1.64,-0.364
2.11,-0.551,0.489,-0.916,0.512,0.614,-0.793,0.952,1.61,-0.368
2.41,-0.164,0.795,-1.29,0.393,0.206,-0.968,1.06,1.74,-0.0984
4.47,-0.846,1.57,-2.29,0.613,0.895,-1.11,1.56,3.63,-0.901
-2.53,0.653,-0.575,1.18,-0.568,-0.669,0.917,-1.16,-2.01,0.403
2.27,-0.662,0.535,-0.963,0.536,0.728,-0.763,0.968,1.77,-0.489
-2.96,1.5,-0.697,0.928,-0.76,-1.68,0.464,-0.913,-2.52,1.42
4.48,-1.09,1.3,-2.12,0.829,1.16,-1.3,1.76,3.6,-0.923
2.53,-0.663,0.57,-1.15,0.588,0.697,-0.933,1.16,1.99,-0.415
2.44,-0.604,0.686,-1.08,0.506,0.684,-0.77,0.971,1.89,-0.51
2.13,-0.258,0.811,-1.1,0.28,0.316,-0.604,0.745,1.62,-0.332
2.11,-0.38,0.783,-1.07,0.275,0.422,-0.495,0.696,1.69,-0.45
2.23,-0.477,0.632,-1.02,0.454,0.543,-0.759,0.92,1.69,-0.381
4.74,-0.9,1.6,-2.34,0.733,0.993,-1.3,1.72,3.74,-0.912
4.76,-0.947,1.68,-2.44,0.632,0.983,-1.11,1.63,3.91,-1.01
-1.99,0.617,-0.679,0.927,-0.287,-0.646,0.299,-0.589,-1.72,0.664
2.15,-0.442,0.733,-1.06,0.327,0.483,-0.55,0.759,1.73,-0.457
4.64,-0.746,1.65,-2.38,0.646,0.823,-1.26,1.66,3.66,-0.812
4.62,-0.929,1.48,-2.29,0.75,0.99,-1.31,1.75,3.68,-0.857
2.15,-0.491,0.871,-1.05,0.233,0.546,-0.308,0.567,1.8,-0.655
-2.07,0.018,-0.927,1.33,-0.0761,0.0362,0.503,-0.695,-1.69,0.149
2.15,-0.445,0.734,-1.11,0.297,0.453,-0.517,0.76,1.78,-0.45
4.2,-0.939,1.22,-2.07,0.74,0.962,-1.25,1.69,3.4,-0.762
-2.47,0.192,-0.871,1.36,-0.342,-0.213,0.871,-1.01,-1.86,0.174
4.62,-0.821,1.57,-2.34,0.695,0.89,-1.3,1.71,3.66,-0.819
2.47,-0.615,0.838,-1.21,0.354,0.639,-0.513,0.82,2.08,-0.639
4.63,-1.21,1.37,-2.1,0.878,1.33,-1.27,1.73,3.7,-1.1
-2.8,0.256,-1.22,1.54,-0.225,-0.305,0.61,-0.836,-2.2,0.486
-2.37,0.504,-0.515,1.16,-0.541,-0.504,0.986,-1.18,-1.84,0.222
2.35,-0.72,0.822,-1.01,0.37,0.811,-0.374,0.663,1.95,-0.818
2.07,-0.696,0.367,-0.815,0.588,0.764,-0.802,0.982,1.6,-0.435
4.54,-1.07,1.42,-2.14,0.787,1.17,-1.22,1.66,3.63,-1.01
-1.95,0.232,-0.814,1.06,-0.179,-0.261,0.426,-0.599,-1.55,0.362
1.87,-0.536,0.683,-0.866,0.253,0.583,-0.271,0.52,1.59,-0.625
4.53,-0.877,1.32,-2.29,0.8,0.895,-1.48,1.9,3.6,-0.656
2.22,-0.341,0.611,-1.19,0.391,0.316,-0.834,1.02,1.75,-0.172
4.67,-0.776,1.56,-2.38,0.714,0.837,-1.39,1.78,3.67,-0.738
-2.1,0.496,-0.784,0.999,-0.284,-0.556,0.392,-0.623,-1.72,0.596
2.13,-0.554,0.628,-1.04,0.364,0.561,-0.548,0.807,1.78,-0.482
2.37,-0.485,0.998,-1.17,0.239,0.556,-0.346,0.609,1.95,-0.698
4.53,-0.926,1.54,-2.23,0.685,1.01,-1.16,1.6,3.63,-0.958
2.21,-0.352,1.02,-1.14,0.163,0.424,-0.29,0.516,1.8,-0.622
4.73,-0.78,1.63,-2.43,0.687,0.841,-1.34,1.75,3.74,-0.787
2.05,-0.214,0.884,-1.12,0.177,0.251,-0.447,0.618,1.62,-0.373
-2.65,0.865,-1.07,1.17,-0.311,-0.963,0.168,-0.564,-2.3,1.12
4.65,-1.11,1.36,-2.2,0.864,1.19,-1.37,1.82,3.71,-0.946
4.22,-0.914,1.32,-2.07,0.702,0.964,-1.18,1.6,3.4,-0.826
-3.14,0.296,-0.858,-0.421,-1.83,-1.72,2.61,-1.34,0.0272,0.553
-2.48,0.196,-0.909,1.33,-0.335,-0.242,0.833,-0.963,-1.85,0.225
2.52,-0.52,0.981,-1.27,0.283,0.563,-0.448,0.738,2.09,-0.659
4.42,-0.823,1.45,-2.17,0.72,0.915,-1.3,1.66,3.46,-0.792
4.51,-0.928,1.4,-2.23,0.759,0.983,-1.32,1.75,3.6,-0.82
-2.54,0.487,-0.674,1.3,-0.479,-0.476,0.914,-1.14,-2.02,0.292
2.25,-0.185,0.618,-1.18,0.447,0.21,-1.05,1.12,1.61,-0.00259
2.08,-0.562,0.63,-1.01,0.339,0.566,-0.487,0.757,1.76,-0.511
4.31,-0.951,1.37,-2.12,0.707,1.01,-1.17,1.61,3.49,-0.883
4.13,-0.917,1.38,-2.06,0.611,0.956,-0.994,1.46,3.4,-0.918
2.43,-0.27,0.99,-1.38,0.208,0.263,-0.554,0.797,1.99,-0.387
4.42,-0.855,1.42,-2.21,0.714,0.912,-1.28,1.69,3.51,-0.784
2.13,-0.391,0.633,-1.13,0.343,0.371,-0.675,0.893,1.74,-0.286
4.63,-0.959,1.55,-2.21,0.756,1.09,-1.24,1.65,3.64,-0.986
4.46,-0.99,1.47,-2.19,0.696,1.05,-1.13,1.6,3.62,-0.975
4.54,-0.949,1.33,-2.17,0.855,1.04,-1.47,1.85,3.54,-0.771
2.2,-0.221,0.735,-1.15,0.354,0.264,-0.807,0.917,1.63,-0.183
2.5,-0.539,0.733,-1.27,0.421,0.533,-0.744,1.01,2.05,-0.427
4.76,-0.961,1.58,-2.33,0.759,1.05,-1.3,1.74,3.78,-0.951
4.4,-1.09,1.25,-2.08,0.829,1.15,-1.29,1.74,3.54,-0.908
-2.28,0.233,-0.99,1.3,-0.157,-0.238,0.452,-0.68,-1.86,0.406
2.25,-0.6,0.523,-0.95,0.55,0.679,-0.831,0.995,1.7,-0.417
-2.44,0.78,-0.668,1.01,-0.517,-0.866,0.627,-0.891,-1.96,0.702
4.68,-0.875,1.52,-2.31,0.767,0.961,-1.39,1.78,3.67,-0.821
-2.11,0.68,-0.595,0.846,-0.457,-0.779,0.537,-0.749,-1.67,0.637
-2.55,0.582,-0.765,1.23,-0.454,-0.619,0.742,-0.993,-2.05,0.505
2.53,-0.23,1.01,-1.42,0.246,0.242,-0.663,0.87,2,-0.335
4.45,-0.833,1.54,-2.28,0.626,0.877,-1.15,1.59,3.6,-0.858
2.24,-0.516,0.721,-1.02,0.401,0.595,-0.612,0.803,1.75,-0.514
-1.94,0.303,-0.606,0.966,-0.34,-0.342,0.668,-0.796,-1.47,0.249
4.67,-1.06,1.24,-2.25,0.93,1.1,-1.58,2.01,3.7,-0.752
2.54,-0.319,1.01,-1.32,0.3,0.386,-0.645,0.832,1.96,-0.45
-2.75,0.181,-0.878,1.49,-0.457,-0.213,1.14,-1.25,-2,0.0698
4.48,-0.922,1.28,-2.13,0.877,1.02,-1.52,1.87,3.46,-0.717
2.22,-0.398,0.685,-1.09,0.395,0.443,-0.732,0.897,1.71,-0.335
2.48,-0.716,0.77,-1.12,0.438,0.777,-0.557,0.847,2.04,-0.702
2.35,-0.464,0.977,-1.22,0.218,0.501,-0.35,0.633,1.97,-0.647
-2.2,0.204,-0.881,1.18,-0.244,-0.25,0.602,-0.748,-1.68,0.31
2.24,-0.379,0.71,-1.12,0.376,0.417,-0.718,0.89,1.73,-0.33
-2.83,-0.0226,-1.48,1.83,0.0183,0.0564,0.454,-0.723,-2.32,0.368
-2.7,0.376,-1.17,1.5,-0.194,-0.39,0.456,-0.758,-2.25,0.597
2.37,-0.426,0.756,-1.13,0.421,0.496,-0.759,0.922,1.8,-0.393
4.48,-1.03,1.34,-2.17,0.788,1.09,-1.28,1.74,3.61,-0.892
-2.12,-0.0235,-0.966,1.34,-0.0978,0.0472,0.566,-0.718,-1.67,0.128
2.19,-0.296,1.05,-1.18,0.114,0.349,-0.255,0.488,1.8,-0.592
4.69,-0.975,1.35,-2.27,0.882,1.04,-1.54,1.94,3.68,-0.761
4.37,-0.838,1.46,-2.16,0.683,0.922,-1.21,1.59,3.45,-0.838
2.25,-0.794,0.521,-0.869,0.561,0.888,-0.666,0.895,1.78,-0.646
4.2,-0.912,1.46,-2.05,0.615,0.995,-0.98,1.42,3.4,-0.983
2.24,-0.605,0.747,-0.985,0.382,0.691,-0.488,0.718,1.79,-0.649
2.1,-0.511,0.816,-1.03,0.241,0.552,-0.311,0.579,1.78,-0.638
2.13,-0.379,0.805,-1.04,0.286,0.447,-0.499,0.679,1.67,-0.474
-2.28,0.156,-1.23,1.39,0.0269,-0.155,0.163,-0.44,-1.95,0.549
2.26,-0.674,0.7,-0.956,0.428,0.765,-0.515,0.754,1.81,-0.678
2.3,-0.787,0.395,-0.905,0.652,0.854,-0.881,1.09,1.79,-0.488
-2.38,0.365,-1.2,1.25,-0.0988,-0.442,0.173,-0.443,-1.98,0.753
-2.61,0.692,-0.487,1.12,-0.705,-0.753,1.13,-1.31,-1.96,0.349
-2.79,0.428,-0.77,1.4,-0.551,-0.465,1.11,-1.28,-2.1,0.241
4.37,-1.05,1.38,-2.11,0.714,1.11,-1.1,1.58,3.58,-0.997
-2.18,0.57,-0.769,1.01,-0.322,-0.629,0.414,-0.668,-1.8,0.639
2.56,-0.292,0.85,-1.36,0.395,0.32,-0.894,1.06,1.94,-0.242
2.31,-0.189,0.98,-1.32,0.185,0.2,-0.548,0.745,1.84,-0.334
-2.4,1.16,-0.336,0.815,-0.73,-1.24,0.711,-1.05,-2.01,0.834
-2.17,-0.31,-1.47,1.5,0.213,0.287,0.175,-0.313,-1.7,0.282
4.54,-0.827,1.3,-2.24,0.861,0.895,-1.61,1.95,3.49,-0.596
4.7,-0.742,1.46,-2.36,0.816,0.817,-1.61,1.94,3.59,-0.593
2.29,-0.353,0.952,-1.27,0.186,0.354,-0.407,0.675,1.93,-0.502
-2.32,0.384,-0.742,1.25,-0.343,-0.37,0.707,-0.936,-1.88,0.315
2.16,-0.199,0.936,-1.28,0.131,0.178,-0.435,0.666,1.79,-0.346
2.35,-0.626,0.721,-1.02,0.451,0.716,-0.618,0.836,1.85,-0.607
4.41,-0.811,1.48,-2.23,0.669,0.869,-1.23,1.64,3.51,-0.794
4.44,-0.876,1.42,-2.25,0.704,0.91,-1.27,1.7,3.58,-0.791
-2.04,0.192,-0.742,1.19,-0.217,-0.158,0.603,-0.792,-1.65,0.189
-1.61,-0.163,-0.983,1.1,0.101,0.169,0.202,-0.322,-1.29,0.178
4.48,-0.779,1.47,-2.34,0.658,0.791,-1.29,1.72,3.61,-0.712
-2.14,0.566,-0.505,1.01,-0.458,-0.571,0.726,-0.953,-1.73,0.372
1.92,-0.432,0.749,-0.979,0.204,0.452,-0.298,0.547,1.63,-0.539
-2.53,0.553,-0.996,1.2,-0.319,-0.644,0.451,-0.71,-2.04,0.723
4.38,-0.922,1.5,-2.17,0.647,0.993,-1.07,1.52,3.55,-0.962
-2.15,0.469,-1.35,-1.12,-1.2,-2.07,0.909,0.224,0.527,1.67
4.59,-0.815,1.44,-2.28,0.785,0.894,-1.47,1.83,3.56,-0.706
-2.2,0.668,-0.491,0.954,-0.522,-0.709,0.74,-0.963,-1.76,0.468
4.42,-0.918,1.39,-2.09,0.789,1.04,-1.32,1.68,3.43,-0.849
4.51,-0.895,1.43,-2.21,0.756,0.974,-1.33,1.72,3.56,-0.822
2.06,-0.205,0.808,-1.13,0.226,0.229,-0.564,0.72,1.61,-0.281
4.51,-0.775,1.53,-2.3,0.666,0.833,-1.27,1.68,3.57,-0.769
4.46,-0.851,1.38,-2.28,0.726,0.869,-1.35,1.78,3.58,-0.711
4.68,-0.925,1.47,-2.37,0.757,0.957,-1.37,1.82,3.76,-0.809
4.5,-0.934,1.5,-2.15,0.741,1.05,-1.23,1.62,3.54,-0.944
-2.27,0.533,-0.686,1.09,-0.397,-0.563,0.634,-0.867,-1.83,0.471
2.55,-0.316,0.789,-1.28,0.462,0.374,-0.976,1.1,1.87,-0.226
-2.28,0.417,-0.786,1.1,-0.363,-0.487,0.639,-0.815,-1.76,0.444
-2.32,0.545,-0.785,1.11,-0.356,-0.594,0.534,-0.782,-1.88,0.572
2.21,-0.421,0.806,-1.18,0.257,0.418,-0.478,0.74,1.85,-0.467
-2.76,0.599,-0.7,1.28,-0.605,-0.658,1.04,-1.24,-2.1,0.393
2.24,-0.521,0.669,-1.12,0.376,0.525,-0.62,0.872,1.85,-0.442
1.97,-0.605,0.242,-0.786,0.628,0.655,-0.962,1.09,1.46,-0.238
4.67,-1.12,1.42,-2.18,0.848,1.22,-1.31,1.76,3.72,-1.02
-2.27,0.333,-0.899,1.18,-0.257,-0.379,0.524,-0.724,-1.8,0.45
2.11,-0.622,0.581,-0.876,0.459,0.71,-0.603,0.797,1.65,-0.552
-1.72,0.306,-0.61,0.841,-0.261,-0.357,0.466,-0.603,-1.34,0.34
2.13,-0.531,0.55,-1.03,0.425,0.539,-0.688,0.912,1.73,-0.379
-2.08,0.434,-0.569,1.03,-0.395,-0.444,0.706,-0.896,-1.65,0.303
2.02,-0.735,0.402,-0.739,0.564,0.833,-0.687,0.868,1.56,-0.546
2.3,-0.391,0.835,-1.15,0.321,0.446,-0.594,0.789,1.8,-0.45
-1.83,0.188,-0.799,1.06,-0.119,-0.184,0.355,-0.547,-1.51,0.325
1.94,-0.538,0.388,-0.874,0.482,0.557,-0.756,0.935,1.53,-0.301
2.12,-0.27,0.613,-1.11,0.386,0.283,-0.839,0.968,1.6,-0.141
2.27,-0.619,0.501,-0.943,0.582,0.704,-0.874,1.03,1.7,-0.411
4.36,-1.05,1.42,-2.07,0.705,1.14,-1.05,1.52,3.54,-1.05
4.57,-0.821,1.56,-2.38,0.641,0.844,-1.22,1.68,3.7,-0.813
2.45,-0.337,0.82,-1.23,0.399,0.397,-0.816,0.965,1.84,-0.318
2.32,-0.377,0.683,-1.18,0.416,0.397,-0.829,1,1.79,-0.263
1.99,-0.47,0.376,-0.88,0.534,0.514,-0.906,1.02,1.47,-0.202
4.86,-0.903,1.46,-2.48,0.833,0.926,-1.57,2.01,3.86,-0.701
-2.16,0.56,-0.626,0.997,-0.408,-0.603,0.603,-0.826,-1.74,0.49
4.35,-0.924,1.31,-2.16,0.742,0.957,-1.29,1.72,3.5,-0.78
4.52,-0.863,1.45,-2.2,0.769,0.965,-1.36,1.73,3.52,-0.804
-2.24,0.362,-0.973,1.13,-0.214,-0.44,0.38,-0.587,-1.78,0.581
-2.05,0.248,-0.706,1.06,-0.309,-0.287,0.675,-0.803,-1.55,0.242
-1.78,0.668,-0.452,0.695,-0.407,-0.735,0.424,-0.641,-1.46,0.594
2.33,-0.578,0.845,-1.12,0.32,0.631,-0.433,0.708,1.93,-0.664
4.47,-0.929,1.32,-2.2,0.797,0.975,-1.4,1.81,3.55,-0.751
4.26,-1.01,1.34,-2,0.739,1.11,-1.14,1.55,3.41,-0.964
4.35,-0.706,1.5,-2.2,0.652,0.787,-1.26,1.61,3.4,-0.723
2.58,-0.602,0.654,-1.24,0.535,0.621,-0.903,1.14,2.05,-0.401
4.48,-0.933,1.7,-2.18,0.581,1.06,-0.904,1.36,3.62,-1.15
4.57,-0.903,1.48,-2.26,0.739,0.973,-1.3,1.72,3.63,-0.847
-2.39,0.289,-0.84,1.22,-0.362,-0.349,0.777,-0.917,-1.79,0.303
2.38,-0.243,1.08,-1.3,0.174,0.299,-0.45,0.652,1.89,-0.486
-1.48,0.49,-0.228,0.542,-0.462,-0.56,0.643,-0.737,-1.08,0.279
2.22,-0.608,0.585,-0.927,0.509,0.704,-0.725,0.897,1.69,-0.501
4.65,-1.12,1.39,-2.19,0.845,1.21,-1.32,1.77,3.72,-0.993
2.38,-0.259,1.04,-1.27,0.216,0.324,-0.511,0.695,1.86,-0.464
2.03,-0.254,0.849,-1.08,0.194,0.294,-0.437,0.614,1.61,-0.397
4.64,-1.06,1.43,-2.17,0.839,1.18,-1.32,1.74,3.66,-0.986
4.44,-0.8,1.49,-2.28,0.657,0.841,-1.24,1.66,3.56,-0.776
2.3,-0.809,0.608,-0.946,0.491,0.878,-0.542,0.828,1.9,-0.723
4.29,-0.792,1.58,-2.21,0.539,0.846,-0.977,1.42,3.49,-0.916
4.41,-0.83,1.51,-2.25,0.635,0.876,-1.16,1.59,3.56,-0.841
-2.04,0.384,-0.812,1.09,-0.194,-0.389,0.353,-0.607,-1.73,0.495
4.23,-0.83,1.51,-2.13,0.575,0.894,-0.996,1.43,3.43,-0.917
2.31,-0.368,0.777,-1.16,0.367,0.418,-0.712,0.882,1.78,-0.359
-2.11,0.524,-0.723,0.944,-0.352,-0.608,0.482,-0.682,-1.67,0.575
4.39,-0.995,1.48,-2.06,0.715,1.12,-1.1,1.51,3.49,-1.04
4.46,-0.725,1.52,-2.31,0.646,0.771,-1.28,1.67,3.53,-0.714
4.3,-0.691,1.53,-2.17,0.619,0.786,-1.19,1.53,3.35,-0.76
2.46,-0.701,0.848,-1.16,0.353,0.742,-0.417,0.747,2.09,-0.761
2.39,-0.555,0.933,-1.21,0.251,0.58,-0.35,0.666,2.04,-0.694
-2.19,0.632,-0.457,0.88,-0.589,-0.723,0.86,-1.01,-1.63,0.413
4.63,-0.851,1.54,-2.33,0.716,0.921,-1.31,1.73,3.67,-0.828
2.16,-0.497,0.508,-0.949,0.525,0.568,-0.867,0.997,1.6,-0.31
-2.15,0.923,-0.301,0.69,-0.706,-1.04,0.799,-0.996,-1.65,0.627
2.07,-0.401,0.709,-0.975,0.342,0.475,-0.577,0.733,1.59,-0.428
